{"cameraMode":{"drawMode":0,"name":"Shaded","section":"Shading Mode"},"sceneLighting":true,"audioPlay":false,"sceneViewState":{"showFog":true,"showMaterialUpdate":true,"showSkybox":true,"showFlares":true,"showImageEffects":true,"showParticleSystems":true},"in2DMode":false,"pivot":{"x":1.058614730834961,"y":-0.9647396802902222,"z":-0.14262151718139649},"rotation":{"x":-0.2552684545516968,"y":-0.3740815222263336,"z":0.10789661854505539,"w":-0.885026216506958},"size":4.528728485107422,"orthographic":false}